"Questions About :","Questions About :"
"We\'re  here to help: to ask a question click","We're  here to help: to ask a question click"
"here","here"
". We\'ll post it on this page once our review team gives it the go-ahead.",". We\'ll post it on this page once our review team gives it the go-ahead."
"Date: ","Date: "
"Q: ","Q: "
"Store Owner ","Store Owner "
"Answer: ","Answer: "
"Ask a Question","Ask a Question"
"You are asking a Question About :","You are asking a Question About :"
"We&apos;re here to help. We&apos;ll post it on this product page once our review team gives it the go-ahead.","We&apos;re here to help. We&apos;ll post it on this product page once our review team gives it the go-ahead."
"Customers Also Bought","Customers Also Bought"

